bien,1,0.0,0.0,0.145985401459854,-0.21897810218978103,0.1678832116788321,-0.4306569343065693,0.10218978102189781,-0.5985401459854015,0.043795620437956206,-0.7226277372262774,-0.072992700729927,-0.5401459854014599,-0.2116788321167883,-0.7664233576642335,-0.29927007299270075,-0.8832116788321168,-0.36496350364963503,-0.9635036496350365,-0.2116788321167883,-0.48905109489051096,-0.35036496350364965,-0.7445255474452555,-0.44525547445255476,-0.8905109489051095,-0.5182481751824818,-1.0,-0.32116788321167883,-0.40875912408759124,-0.45255474452554745,-0.6496350364963503,-0.5255474452554745,-0.7883211678832117,-0.583941605839416,-0.8978102189781022,-0.40875912408759124,-0.31386861313868614,-0.49635036496350365,-0.5036496350364964,-0.5547445255474452,-0.6204379562043796,-0.5912408759124088,-0.7153284671532847
buenasnoches,1,0.0,0.0,-0.09280742459396751,-0.22505800464037123,-0.2459396751740139,-0.34106728538283065,-0.41067285382830626,-0.3805104408352668,-0.5406032482598608,-0.419953596287703,-0.4547563805104408,-0.18793503480278423,-0.6983758700696056,-0.18793503480278423,-0.8375870069605569,-0.17865429234338748,-0.9466357308584686,-0.16705336426914152,-0.45707656612529,-0.05104408352668213,-0.7192575406032483,-0.06496519721577726,-0.8816705336426914,-0.06960556844547564,-1.0,-0.07424593967517401,-0.42691415313225056,0.06960556844547564,-0.6705336426914154,0.058004640371229696,-0.8213457076566125,0.04176334106728538,-0.9327146171693735,0.025522041763341066,-0.37122969837587005,0.17865429234338748,-0.5707656612529002,0.17633410672853828,-0.6890951276102089,0.16705336426914152,-0.7888631090487239,0.14849187935034802
buenasnoches,2,0.0,0.0,-0.03553299492385787,-0.27411167512690354,-0.1598984771573604,-0.5050761421319797,-0.23857868020304568,-0.7106598984771574,-0.22588832487309646,-0.8578680203045685,-0.4010152284263959,-0.4263959390862944,-0.6903553299492385,-0.5,-0.868020304568528,-0.5329949238578681,-1.0,-0.5532994923857868,-0.4796954314720812,-0.2715736040609137,-0.6345177664974619,-0.3223350253807107,-0.5431472081218274,-0.3147208121827411,-0.43908629441624364,-0.2918781725888325,-0.5076142131979695,-0.10913705583756345,-0.6142131979695431,-0.17766497461928935,-0.5355329949238579,-0.16751269035532995,-0.44923857868020306,-0.1319796954314721,-0.5126903553299492,0.03807106598984772,-0.5888324873096447,-0.030456852791878174,-0.5152284263959391,-0.030456852791878174,-0.44416243654822335,-0.01015228426395939
denada,1,0.0,0.0,-0.003875968992248062,-0.2548449612403101,-0.022286821705426358,-0.5494186046511628,-0.01937984496124031,-0.7848837209302325,0.014534883720930232,-1.0,0.027131782945736434,-0.5823643410852714,-0.12790697674418605,-0.39244186046511625,-0.10755813953488372,-0.3905038759689923,-0.05135658914728682,-0.43992248062015504,0.02422480620155039,-0.39244186046511625,-0.16279069767441862,-0.16763565891472867,-0.14050387596899225,-0.18313953488372092,-0.08430232558139535,-0.23449612403100775,-0.003875968992248062,-0.1744186046511628,-0.1753875968992248,-0.001937984496124031,-0.14437984496124032,-0.02131782945736434,-0.08817829457364341,-0.07655038759689922,-0.03875968992248062,0.040697674418604654,-0.1812015503875969,0.17054263565891473,-0.14825581395348839,0.12790697674418605,-0.09011627906976744,0.05910852713178295
hola,1,0.0,0.0,-0.17829457364341086,-0.031007751937984496,-0.31007751937984496,-0.17829457364341086,-0.3798449612403101,-0.3023255813953488,-0.46511627906976744,-0.3875968992248062,-0.37209302325581395,-0.4496124031007752,-0.46511627906976744,-0.6511627906976745,-0.5116279069767442,-0.7829457364341085,-0.5503875968992248,-0.9069767441860465,-0.3178294573643411,-0.49612403100775193,-0.4263565891472868,-0.7131782945736435,-0.4883720930232558,-0.8604651162790697,-0.5271317829457365,-1.0,-0.24031007751937986,-0.5116279069767442,-0.3488372093023256,-0.7209302325581395,-0.4108527131782946,-0.8604651162790697,-0.4573643410852713,-0.9844961240310077,-0.13953488372093023,-0.5038759689922481,-0.2248062015503876,-0.6744186046511628,-0.2868217054263566,-0.7751937984496124,-0.3333333333333333,-0.8682170542635659
j,1,0.0,0.0,-0.22556390977443608,-0.11278195488721804,-0.38345864661654133,-0.2932330827067669,-0.37593984962406013,-0.48120300751879697,-0.24060150375939848,-0.5864661654135338,-0.3233082706766917,-0.5413533834586466,-0.37593984962406013,-0.7368421052631579,-0.3533834586466165,-0.5864661654135338,-0.3233082706766917,-0.48120300751879697,-0.20300751879699247,-0.5639097744360902,-0.22556390977443608,-0.7669172932330827,-0.24060150375939848,-0.6090225563909775,-0.24060150375939848,-0.49624060150375937,-0.06766917293233082,-0.5639097744360902,-0.10526315789473684,-0.7218045112781954,-0.15037593984962405,-0.5488721804511278,-0.18045112781954886,-0.42105263157894735,0.05263157894736842,-0.556390977443609,0.03759398496240601,-0.7593984962406015,0.007518796992481203,-0.8796992481203008,-0.022556390977443608,-1.0
k,1,0.0,0.0,-0.4244604316546763,-0.07194244604316546,-0.7769784172661871,-0.2589928057553957,-0.6330935251798561,-0.30935251798561153,-0.2517985611510791,-0.35251798561151076,-0.460431654676259,-0.8848920863309353,-0.4460431654676259,-0.8776978417266187,-0.3381294964028777,-0.7122302158273381,-0.2733812949640288,-0.5107913669064749,0.050359712230215826,-1.0,-0.12949640287769784,-0.050359712230215826,-0.26618705035971224,0.43884892086330934,-0.3669064748201439,0.7697841726618705,0.460431654676259,-0.8705035971223022,0.17985611510791366,0.050359712230215826,-0.014388489208633094,0.14388489208633093,-0.15827338129496402,0.08633093525179857,0.7553956834532374,-0.6474820143884892,0.5467625899280576,-0.014388489208633094,0.3597122302158273,0.09352517985611511,0.22302158273381295,0.06474820143884892
k,1,0.0,0.0,-0.12885154061624648,-0.1400560224089636,-0.19887955182072828,-0.35014005602240894,-0.18207282913165265,-0.5266106442577031,-0.12324929971988796,-0.6638655462184874,-0.10644257703081232,-0.5770308123249299,-0.12044817927170869,-0.7647058823529411,-0.11484593837535013,-0.8935574229691877,-0.09523809523809523,-1.0,0.05322128851540616,-0.5938375350140056,-0.011204481792717087,-0.5574229691876751,-0.09243697478991597,-0.45938375350140054,-0.15966386554621848,-0.37254901960784315,0.19607843137254902,-0.5406162464985994,0.08403361344537816,-0.3641456582633053,0.022408963585434174,-0.21288515406162464,0.0,-0.11204481792717087,0.3137254901960784,-0.4425770308123249,0.19607843137254902,-0.2773109243697479,0.12044817927170869,-0.17366946778711484,0.09523809523809523,-0.1092436974789916
k,1,0.0,0.0,-0.22254335260115607,-0.13872832369942195,-0.3352601156069364,-0.34104046242774566,-0.33815028901734107,-0.49710982658959535,-0.3439306358381503,-0.6416184971098265,-0.1907514450867052,-0.6069364161849711,-0.2832369942196532,-0.7803468208092486,-0.33815028901734107,-0.8988439306358381,-0.3815028901734104,-1.0,-0.05202312138728324,-0.6011560693641619,-0.27167630057803466,-0.546242774566474,-0.4277456647398844,-0.45375722543352603,-0.523121387283237,-0.3930635838150289,0.06069364161849711,-0.5115606936416185,-0.18786127167630057,-0.3468208092485549,-0.20809248554913296,-0.18497109826589594,-0.16473988439306358,-0.11560693641618497,0.15606936416184972,-0.3815028901734104,-0.057803468208092484,-0.24855491329479767,-0.08092485549132948,-0.1416184971098266,-0.03757225433526012,-0.10115606936416185
k,1,0.0,0.0,-0.14613180515759314,-0.1174785100286533,-0.21203438395415472,-0.36103151862464183,-0.15759312320916904,-0.5616045845272206,-0.09742120343839542,-0.7077363896848138,-0.10315186246418338,-0.5558739255014327,-0.1346704871060172,-0.7564469914040115,-0.14613180515759314,-0.8853868194842407,-0.1518624641833811,-1.0,0.045845272206303724,-0.5530085959885387,-0.011461318051575931,-0.5959885386819485,-0.07449856733524356,-0.4871060171919771,-0.11461318051575932,-0.3982808022922636,0.17478510028653296,-0.504297994269341,0.10315186246418338,-0.4498567335243553,0.025787965616045846,-0.2836676217765043,-0.022922636103151862,-0.17478510028653296,0.28939828080229224,-0.42406876790830944,0.20630372492836677,-0.3467048710601719,0.12893982808022922,-0.22349570200573066,0.09455587392550144,-0.1518624641833811
k,1,0.0,0.0,-0.3525641025641026,-0.02564102564102564,-0.5961538461538461,-0.22435897435897437,-0.5192307692307693,-0.40384615384615385,-0.28205128205128205,-0.5448717948717948,-0.34615384615384615,-0.7307692307692307,-0.3525641025641026,-1.0,-0.34615384615384615,-0.9487179487179487,-0.33974358974358976,-0.8397435897435898,0.04487179487179487,-0.7948717948717948,-0.16025641025641027,-0.22435897435897437,-0.32051282051282054,0.20512820512820512,-0.3974358974358974,0.44871794871794873,0.36538461538461536,-0.6282051282051282,0.1346153846153846,0.00641025641025641,-0.0641025641025641,0.3333333333333333,-0.16666666666666666,0.48717948717948717,0.6217948717948718,-0.38461538461538464,0.41025641025641024,0.10256410256410256,0.1987179487179487,0.3333333333333333,0.0641025641025641,0.4230769230769231
k,1,0.0,0.0,-0.33877551020408164,-0.06938775510204082,-0.6081632653061224,-0.3346938775510204,-0.4530612244897959,-0.5061224489795918,-0.04897959183673469,-0.5387755102040817,-0.24897959183673468,-0.8693877551020408,-0.27755102040816326,-0.9346938775510204,-0.21224489795918366,-0.9673469387755103,-0.10612244897959183,-1.0,0.2,-0.9877551020408163,0.11020408163265306,-0.23265306122448978,0.061224489795918366,0.27755102040816326,0.08163265306122448,0.5959183673469388,0.5265306122448979,-0.8367346938775511,0.3142857142857143,0.04081632653061224,0.06938775510204082,0.27346938775510204,-0.07755102040816327,0.3020408163265306,0.746938775510204,-0.6163265306122448,0.5224489795918368,0.07755102040816327,0.2857142857142857,0.27755102040816326,0.1306122448979592,0.27346938775510204
k,1,0.0,0.0,-0.3459915611814346,-0.029535864978902954,-0.5822784810126582,-0.2489451476793249,-0.5189873417721519,-0.4345991561181435,-0.15611814345991562,-0.5611814345991561,-0.189873417721519,-0.919831223628692,-0.24050632911392406,-0.9367088607594937,-0.29957805907172996,-0.9113924050632911,-0.3459915611814346,-0.8143459915611815,0.27848101265822783,-1.0,0.1308016877637131,-0.0970464135021097,0.03375527426160337,0.41350210970464135,0.008438818565400843,0.7679324894514767,0.5949367088607594,-0.7679324894514767,0.2911392405063291,0.10548523206751055,0.004219409282700422,0.17721518987341772,-0.1518987341772152,0.08016877637130802,0.7763713080168776,-0.47257383966244726,0.5147679324894515,0.1940928270042194,0.26582278481012656,0.2911392405063291,0.1350210970464135,0.189873417721519
k,1,0.0,0.0,-0.1885593220338983,-0.13135593220338984,-0.3177966101694915,-0.3474576271186441,-0.2245762711864407,-0.4978813559322034,-0.025423728813559324,-0.5635593220338984,-0.0826271186440678,-0.635593220338983,-0.09533898305084745,-0.7817796610169492,-0.1059322033898305,-0.8919491525423728,-0.09745762711864407,-1.0,0.13771186440677965,-0.652542372881356,0.029661016949152543,-0.3686440677966102,-0.036016949152542374,-0.15677966101694915,-0.03389830508474576,-0.046610169491525424,0.2838983050847458,-0.5529661016949152,0.13135593220338984,-0.21398305084745764,0.006355932203389831,-0.1016949152542373,-0.0423728813559322,-0.07838983050847458,0.3877118644067797,-0.4067796610169492,0.2309322033898305,-0.13135593220338984,0.11440677966101695,-0.0614406779661017,0.059322033898305086,-0.06991525423728813
k,1,0.0,0.0,-0.3722943722943723,-0.025974025974025976,-0.48484848484848486,-0.35064935064935066,-0.21645021645021645,-0.5714285714285714,0.17316017316017315,-0.6926406926406926,-0.0735930735930736,-0.9393939393939394,-0.12121212121212122,-0.9913419913419913,-0.06926406926406926,-0.9653679653679653,0.04329004329004329,-0.9264069264069265,0.38095238095238093,-1.0,0.36363636363636365,-0.33766233766233766,0.29004329004329005,0.21212121212121213,0.3116883116883117,0.5930735930735931,0.6926406926406926,-0.8095238095238095,0.48917748917748916,-0.047619047619047616,0.22510822510822512,0.22943722943722944,0.09090909090909091,0.3333333333333333,0.8961038961038961,-0.5541125541125541,0.6666666666666666,0.05627705627705628,0.4199134199134199,0.27705627705627706,0.2813852813852814,0.3116883116883117
k,1,0.0,0.0,-0.2,-0.11219512195121951,-0.3975609756097561,-0.2951219512195122,-0.375609756097561,-0.4195121951219512,-0.14634146341463414,-0.4585365853658537,-0.17317073170731706,-0.6170731707317073,-0.2146341463414634,-0.7853658536585366,-0.23658536585365852,-0.8926829268292683,-0.24634146341463414,-1.0,0.06829268292682927,-0.6634146341463415,-0.05853658536585366,-0.3195121951219512,-0.12926829268292683,-0.06097560975609756,-0.15121951219512195,0.1024390243902439,0.24878048780487805,-0.5682926829268292,0.06097560975609756,-0.14878048780487804,-0.07560975609756097,0.004878048780487805,-0.15609756097560976,0.08536585365853659,0.3853658536585366,-0.4195121951219512,0.21951219512195122,-0.12682926829268293,0.1024390243902439,-0.024390243902439025,0.026829268292682926,0.024390243902439025
k,1,0.0,0.0,-0.20353982300884957,-0.06784660766961652,-0.36578171091445427,-0.26253687315634217,-0.3805309734513274,-0.4277286135693215,-0.19469026548672566,-0.56047197640118,-0.16519174041297935,-0.6342182890855457,-0.22713864306784662,-0.7138643067846607,-0.2920353982300885,-0.8702064896755162,-0.35693215339233036,-1.0,0.14454277286135694,-0.696165191740413,-0.014749262536873156,-0.14454277286135694,-0.11504424778761062,0.07669616519174041,-0.17699115044247787,0.1887905604719764,0.3687315634218289,-0.5575221238938053,0.10619469026548672,-0.02654867256637168,-0.061946902654867256,-0.035398230088495575,-0.12979351032448377,-0.16519174041297935,0.4896755162241888,-0.3775811209439528,0.2861356932153392,0.0,0.1592920353982301,0.02359882005899705,0.13274336283185842,-0.09144542772861357
k,1,0.0,0.0,-0.17391304347826086,-0.10702341137123746,-0.2976588628762542,-0.30434782608695654,-0.3010033444816054,-0.47157190635451507,-0.20735785953177258,-0.5919732441471572,-0.1705685618729097,-0.5719063545150501,-0.17725752508361203,-0.7692307692307693,-0.1705685618729097,-0.8996655518394648,-0.1505016722408027,-1.0,0.03678929765886288,-0.5919732441471572,-0.0903010033444816,-0.3979933110367893,-0.1939799331103679,-0.18394648829431437,-0.26755852842809363,-0.023411371237458192,0.20066889632107024,-0.49498327759197325,0.05016722408026756,-0.23076923076923078,-0.06688963210702341,-0.05016722408026756,-0.13712374581939799,0.06688963210702341,0.3377926421404682,-0.35451505016722407,0.19732441471571907,-0.12709030100334448,0.07023411371237458,-0.0033444816053511705,-0.013377926421404682,0.06688963210702341
ll,1,0.0,0.0,-0.18064516129032257,-0.05806451612903226,-0.3741935483870968,-0.2129032258064516,-0.5419354838709678,-0.3161290322580645,-0.6903225806451613,-0.33548387096774196,-0.25161290322580643,-0.5161290322580645,-0.2903225806451613,-0.7354838709677419,-0.3161290322580645,-0.8774193548387097,-0.32903225806451614,-1.0,-0.12258064516129032,-0.5290322580645161,-0.22580645161290322,-0.5612903225806452,-0.2064516129032258,-0.36774193548387096,-0.16129032258064516,-0.3548387096774194,0.0064516129032258064,-0.4967741935483871,-0.09032258064516129,-0.4774193548387097,-0.09032258064516129,-0.3096774193548387,-0.05161290322580645,-0.3225806451612903,0.12903225806451613,-0.44516129032258067,0.03870967741935484,-0.4258064516129032,0.012903225806451613,-0.3032258064516129,0.04516129032258064,-0.3032258064516129
mal,1,0.0,0.0,-0.17482517482517482,-0.03496503496503497,-0.27972027972027974,-0.18181818181818182,-0.35664335664335667,-0.2867132867132867,-0.4195804195804196,-0.38461538461538464,-0.15384615384615385,-0.46153846153846156,-0.18181818181818182,-0.6643356643356644,-0.1958041958041958,-0.7832167832167832,-0.1958041958041958,-0.8881118881118881,-0.1048951048951049,-0.4965034965034965,-0.1258741258741259,-0.7202797202797203,-0.13986013986013987,-0.8741258741258742,-0.13986013986013987,-1.0,-0.04895104895104895,-0.48951048951048953,-0.06293706293706294,-0.7132867132867133,-0.07692307692307693,-0.8531468531468531,-0.07692307692307693,-0.9790209790209791,0.013986013986013986,-0.44755244755244755,0.0,-0.6293706293706294,-0.013986013986013986,-0.7482517482517482,-0.027972027972027972,-0.8461538461538461
masomenos,1,0.0,0.0,0.06779661016949153,-0.2457627118644068,0.03389830508474576,-0.5338983050847458,0.06779661016949153,-0.7542372881355932,0.2288135593220339,-0.8559322033898306,-0.211864406779661,-0.5,-0.3050847457627119,-0.6779661016949152,-0.3474576271186441,-0.7966101694915254,-0.3813559322033898,-0.9152542372881356,-0.3644067796610169,-0.3813559322033898,-0.5,-0.5084745762711864,-0.5932203389830508,-0.5847457627118644,-0.6949152542372882,-0.6610169491525424,-0.4830508474576271,-0.2457627118644068,-0.652542372881356,-0.3220338983050847,-0.7796610169491526,-0.3644067796610169,-0.8983050847457628,-0.4067796610169492,-0.5338983050847458,-0.11016949152542373,-0.7457627118644068,-0.13559322033898305,-0.8728813559322034,-0.1271186440677966,-1.0,-0.11864406779661017
masomenos,1,0.0,0.0,0.0413625304136253,-0.31386861313868614,0.1435523114355231,-0.6131386861313869,0.291970802919708,-0.8199513381995134,0.4233576642335766,-1.0,0.1362530413625304,-0.4793187347931874,0.25304136253041365,-0.5815085158150851,0.34306569343065696,-0.6374695863746959,0.44038929440389296,-0.6958637469586375,0.046228710462287104,-0.3381995133819951,0.1654501216545012,-0.38929440389294406,0.18491484184914841,-0.43795620437956206,0.21654501216545013,-0.48905109489051096,-0.06082725060827251,-0.18491484184914841,-0.06082725060827251,-0.2141119221411192,-0.08759124087591241,-0.24087591240875914,-0.09975669099756691,-0.26277372262773724,-0.18248175182481752,-0.029197080291970802,-0.3381995133819951,0.0024330900243309003,-0.48175182481751827,0.0340632603406326,-0.5717761557177615,0.0681265206812652
masomenos,1,0.0,0.0,-0.14193548387096774,-0.2967741935483871,-0.2172043010752688,-0.5655913978494623,-0.23225806451612904,-0.7978494623655914,-0.23870967741935484,-1.0,-0.09462365591397849,-0.44946236559139785,-0.1870967741935484,-0.5333333333333333,-0.26666666666666666,-0.621505376344086,-0.3247311827956989,-0.7311827956989247,-0.06666666666666667,-0.2924731182795699,-0.23010752688172043,-0.3311827956989247,-0.3720430107526882,-0.4021505376344086,-0.47956989247311826,-0.46236559139784944,-0.07311827956989247,-0.14408602150537633,-0.26666666666666666,-0.1010752688172043,-0.43655913978494626,-0.05806451612903226,-0.5612903225806452,-0.01935483870967742,-0.11182795698924732,0.0064516129032258064,-0.2860215053763441,0.13118279569892474,-0.4150537634408602,0.21935483870967742,-0.5075268817204301,0.2860215053763441
masomenos,1,0.0,0.0,0.09090909090909091,-0.09090909090909091,0.23553719008264462,-0.1859504132231405,0.36363636363636365,-0.13636363636363635,0.5206611570247934,-0.1322314049586777,0.34710743801652894,-0.34710743801652894,0.6239669421487604,-0.4049586776859504,0.8016528925619835,-0.45041322314049587,1.0,-0.4834710743801653,0.32644628099173556,-0.2892561983471074,0.6198347107438017,-0.3347107438016529,0.7644628099173554,-0.34297520661157027,0.9173553719008265,-0.371900826446281,0.24793388429752067,-0.16115702479338842,0.4132231404958678,-0.12396694214876033,0.4834710743801653,-0.10743801652892562,0.5867768595041323,-0.11983471074380166,0.128099173553719,0.0,0.1322314049586777,0.049586776859504134,0.05371900826446281,0.1322314049586777,0.024793388429752067,0.16942148760330578
masomenos,1,0.0,0.0,-0.14736842105263157,-0.22894736842105262,-0.15263157894736842,-0.5210526315789473,-0.14736842105263157,-0.7605263157894737,-0.14210526315789473,-1.0,0.05789473684210526,-0.3631578947368421,0.17894736842105263,-0.5157894736842106,0.2631578947368421,-0.6052631578947368,0.36578947368421055,-0.7026315789473684,0.18421052631578946,-0.16578947368421051,0.3157894736842105,-0.25263157894736843,0.38421052631578945,-0.27631578947368424,0.45526315789473687,-0.28421052631578947,0.2394736842105263,0.021052631578947368,0.3473684210526316,0.08157894736842106,0.3973684210526316,0.16842105263157894,0.45,0.24473684210526317,0.23157894736842105,0.2,0.3105263157894737,0.3,0.34210526315789475,0.43157894736842106,0.3631578947368421,0.5526315789473685
minombre,1,0.0,0.0,0.0,-0.23308270676691728,-0.12030075187969924,-0.39849624060150374,-0.23308270676691728,-0.518796992481203,-0.2932330827067669,-0.631578947368421,-0.39097744360902253,-0.3383458646616541,-0.6240601503759399,-0.39097744360902253,-0.7669172932330827,-0.41353383458646614,-0.8872180451127819,-0.43609022556390975,-0.45112781954887216,-0.21052631578947367,-0.706766917293233,-0.2781954887218045,-0.8721804511278195,-0.3233082706766917,-1.0,-0.3533834586466165,-0.47368421052631576,-0.08270676691729323,-0.7142857142857143,-0.15789473684210525,-0.8571428571428571,-0.21052631578947367,-0.9774436090225563,-0.24812030075187969,-0.45864661654135336,0.03759398496240601,-0.6616541353383458,-0.03007518796992481,-0.7744360902255639,-0.07518796992481203,-0.8796992481203008,-0.11278195488721804
minombre,2,0.0,0.0,-0.19801980198019803,-0.19801980198019803,-0.42574257425742573,-0.26732673267326734,-0.6534653465346535,-0.2079207920792079,-0.8316831683168316,-0.1485148514851485,-0.18811881188118812,-0.06930693069306931,-0.6336633663366337,-0.04950495049504951,-0.8613861386138614,-0.07920792079207921,-1.0,-0.0891089108910891,-0.1485148514851485,0.1485148514851485,-0.6633663366336634,0.2079207920792079,-0.801980198019802,0.12871287128712872,-0.8316831683168316,0.0594059405940594,-0.13861386138613863,0.31683168316831684,-0.6237623762376238,0.37623762376237624,-0.6732673267326733,0.2871287128712871,-0.6237623762376238,0.21782178217821782,-0.16831683168316833,0.45544554455445546,-0.5445544554455446,0.49504950495049505,-0.5841584158415841,0.4158415841584158,-0.5247524752475248,0.3564356435643564
n,1,0.0,0.0,-0.14788732394366197,-0.1619718309859155,-0.3873239436619718,-0.19014084507042253,-0.5774647887323944,-0.11267605633802817,-0.6830985915492958,-0.028169014084507043,-0.31690140845070425,-0.15492957746478872,-0.647887323943662,-0.09859154929577464,-0.8169014084507042,-0.07746478873239436,-0.9577464788732394,-0.04225352112676056,-0.2676056338028169,0.035211267605633804,-0.6408450704225352,0.07042253521126761,-0.852112676056338,0.06338028169014084,-1.0,0.07042253521126761,-0.22535211267605634,0.19718309859154928,-0.5845070422535211,0.23943661971830985,-0.528169014084507,0.176056338028169,-0.4225352112676056,0.1267605633802817,-0.2112676056338028,0.31690140845070425,-0.4859154929577465,0.33098591549295775,-0.43661971830985913,0.28169014084507044,-0.34507042253521125,0.2535211267605634
no,1,0.0,0.0,-0.14733542319749215,-0.05329153605015674,-0.2946708463949843,-0.13793103448275862,-0.4043887147335423,-0.14106583072100312,-0.5078369905956113,-0.07210031347962383,-0.3322884012539185,-0.4827586206896552,-0.4702194357366771,-0.670846394984326,-0.5642633228840125,-0.7962382445141066,-0.6394984326018809,-0.9153605015673981,-0.16614420062695925,-0.5611285266457681,-0.2225705329153605,-0.7366771159874608,-0.25705329153605017,-0.8714733542319749,-0.28213166144200624,-1.0,0.012539184952978056,-0.554858934169279,-0.02821316614420063,-0.4702194357366771,-0.06269592476489028,-0.2664576802507837,-0.07523510971786834,-0.12539184952978055,0.1786833855799373,-0.4890282131661442,0.13166144200626959,-0.3605015673981191,0.08150470219435736,-0.22570532915360503,0.05642633228840126,-0.13479623824451412
no,2,0.0,0.0,-0.26046511627906976,-0.15813953488372093,-0.4046511627906977,-0.413953488372093,-0.40930232558139534,-0.6093023255813953,-0.5023255813953489,-0.6976744186046512,-0.39069767441860465,-0.8511627906976744,-0.5767441860465117,-0.9953488372093023,-0.6558139534883721,-0.8744186046511628,-0.6790697674418604,-0.7302325581395349,-0.17674418604651163,-0.9023255813953488,-0.32558139534883723,-1.0,-0.4232558139534884,-0.8558139534883721,-0.4790697674418605,-0.7209302325581395,0.046511627906976744,-0.8790697674418605,-0.08372093023255814,-0.827906976744186,-0.07441860465116279,-0.5255813953488372,-0.04186046511627907,-0.33488372093023255,0.2744186046511628,-0.8046511627906977,0.13953488372093023,-0.7348837209302326,0.10232558139534884,-0.5116279069767442,0.12558139534883722,-0.3953488372093023
q,1,0.0,0.0,-0.13043478260869565,-0.2717391304347826,-0.31521739130434784,-0.43478260869565216,-0.5,-0.5652173913043478,-0.7028985507246377,-0.6485507246376812,-0.38405797101449274,0.04710144927536232,-0.7572463768115942,-0.021739130434782608,-0.9239130434782609,-0.16666666666666666,-1.0,-0.26811594202898553,-0.42028985507246375,0.1956521739130435,-0.7898550724637681,-0.018115942028985508,-0.6884057971014492,-0.18115942028985507,-0.5615942028985508,-0.21739130434782608,-0.4746376811594203,0.2644927536231884,-0.8007246376811594,0.050724637681159424,-0.6847826086956522,-0.09420289855072464,-0.5615942028985508,-0.11956521739130435,-0.5253623188405797,0.3115942028985507,-0.7391304347826086,0.13768115942028986,-0.6884057971014492,0.007246376811594203,-0.6123188405797102,-0.03260869565217391
q,1,0.0,0.0,-0.07744107744107744,-0.27946127946127947,-0.18181818181818182,-0.4444444444444444,-0.3265993265993266,-0.5757575757575758,-0.48148148148148145,-0.6835016835016835,-0.3164983164983165,-0.030303030303030304,-0.7037037037037037,-0.1447811447811448,-0.898989898989899,-0.2727272727272727,-1.0,-0.367003367003367,-0.37037037037037035,0.12794612794612795,-0.6632996632996633,-0.09764309764309764,-0.5218855218855218,-0.23232323232323232,-0.40404040404040403,-0.23905723905723905,-0.4276094276094276,0.22895622895622897,-0.6397306397306397,-0.013468013468013467,-0.4882154882154882,-0.12121212121212122,-0.3771043771043771,-0.10437710437710437,-0.47474747474747475,0.29292929292929293,-0.6060606060606061,0.08754208754208755,-0.5117845117845118,0.0,-0.4074074074074074,0.016835016835016835
q,1,0.0,0.0,-0.281437125748503,-0.2275449101796407,-0.5668662674650699,-0.34331337325349304,-0.810379241516966,-0.40718562874251496,-0.9181636726546906,-0.3193612774451098,-0.6806387225548902,0.03592814371257485,-0.9441117764471058,0.17964071856287425,-1.0,0.08183632734530938,-0.9660678642714571,-0.029940119760479042,-0.6227544910179641,0.2055888223552894,-0.7584830339321357,0.07984031936127745,-0.7025948103792415,-0.03992015968063872,-0.6207584830339321,-0.10179640718562874,-0.5269461077844312,0.3073852295409182,-0.6127744510978044,0.1656686626746507,-0.5608782435129741,0.0718562874251497,-0.47704590818363274,0.021956087824351298,-0.4431137724550898,0.36726546906187624,-0.5149700598802395,0.249500998003992,-0.47305389221556887,0.17165668662674652,-0.4031936127744511,0.1277445109780439
q,1,0.0,0.0,-0.1337719298245614,-0.29605263157894735,-0.3618421052631579,-0.5197368421052632,-0.581140350877193,-0.6776315789473685,-0.7741228070175439,-0.6842105263157895,-0.41885964912280704,-0.03289473684210526,-0.7850877192982456,-0.010964912280701754,-0.9407894736842105,-0.1600877192982456,-1.0,-0.28289473684210525,-0.47368421052631576,0.13596491228070176,-0.75,-0.08771929824561403,-0.7171052631578947,-0.2631578947368421,-0.6162280701754386,-0.32456140350877194,-0.5109649122807017,0.20394736842105263,-0.7149122807017544,-0.017543859649122806,-0.6600877192982456,-0.16666666666666666,-0.5657894736842105,-0.22807017543859648,-0.5328947368421053,0.21929824561403508,-0.6820175438596491,0.019736842105263157,-0.6425438596491229,-0.10087719298245613,-0.5657894736842105,-0.1600877192982456
q,1,0.0,0.0,-0.06593406593406594,-0.3241758241758242,-0.3021978021978022,-0.6043956043956044,-0.6208791208791209,-0.8021978021978022,-0.9230769230769231,-0.8296703296703297,-0.16483516483516483,-0.46153846153846156,-0.47802197802197804,-0.42857142857142855,-0.7692307692307693,-0.3901098901098901,-1.0,-0.3956043956043956,-0.2087912087912088,-0.21978021978021978,-0.5494505494505495,-0.19230769230769232,-0.8076923076923077,-0.21428571428571427,-0.967032967032967,-0.25274725274725274,-0.2802197802197802,0.005494505494505495,-0.6483516483516484,0.016483516483516484,-0.8571428571428571,-0.016483516483516484,-0.9615384615384616,-0.07692307692307693,-0.34065934065934067,0.18681318681318682,-0.6483516483516484,0.17582417582417584,-0.8021978021978022,0.14285714285714285,-0.8681318681318682,0.08791208791208792
q,1,0.0,0.0,-0.1384083044982699,-0.31141868512110726,-0.42560553633217996,-0.5259515570934256,-0.71280276816609,-0.6228373702422145,-0.9584775086505191,-0.5951557093425606,-0.17993079584775087,-0.25259515570934254,-0.5951557093425606,-0.10726643598615918,-0.8304498269896193,-0.07958477508650519,-1.0,-0.058823529411764705,-0.1453287197231834,0.006920415224913495,-0.6366782006920415,0.0034602076124567475,-0.7335640138408305,-0.14186851211072665,-0.7058823529411765,-0.25259515570934254,-0.1453287197231834,0.2041522491349481,-0.6262975778546713,0.14878892733564014,-0.6401384083044983,0.006920415224913495,-0.5467128027681661,-0.08650519031141868,-0.17647058823529413,0.3217993079584775,-0.5294117647058824,0.28719723183391005,-0.5640138408304498,0.1453287197231834,-0.5121107266435986,0.05190311418685121
q,1,0.0,0.0,0.009900990099009901,-0.33663366336633666,-0.09900990099009901,-0.6204620462046204,-0.2607260726072607,-0.8316831683168316,-0.42244224422442245,-1.0,-0.33003300330033003,-0.27722772277227725,-0.7227722772277227,-0.46204620462046203,-0.8415841584158416,-0.6402640264026402,-0.8976897689768977,-0.768976897689769,-0.49174917491749176,-0.0891089108910891,-0.7227722772277227,-0.43234323432343236,-0.6006600660066007,-0.5511551155115512,-0.46534653465346537,-0.5511551155115512,-0.5973597359735974,0.0165016501650165,-0.7557755775577558,-0.32673267326732675,-0.6270627062706271,-0.40264026402640263,-0.5082508250825083,-0.38283828382838286,-0.6666666666666666,0.07260726072607261,-0.7458745874587459,-0.2145214521452145,-0.6435643564356436,-0.26732673267326734,-0.5511551155115512,-0.2376237623762376
q,1,0.0,0.0,-0.19161676646706588,-0.2934131736526946,-0.48502994011976047,-0.5,-0.7694610778443114,-0.5718562874251497,-0.9790419161676647,-0.5,-0.37425149700598803,-0.3562874251497006,-0.6766467065868264,-0.25748502994011974,-0.8592814371257484,-0.2245508982035928,-1.0,-0.20658682634730538,-0.3473053892215569,-0.1497005988023952,-0.7425149700598802,-0.11377245508982035,-0.8323353293413174,-0.19161676646706588,-0.8203592814371258,-0.2694610778443114,-0.32934131736526945,0.02694610778443114,-0.718562874251497,0.005988023952095809,-0.7485029940119761,-0.07784431137724551,-0.6856287425149701,-0.1497005988023952,-0.3263473053892216,0.17964071856287425,-0.6287425149700598,0.1377245508982036,-0.655688622754491,0.05089820359281437,-0.6197604790419161,-0.020958083832335328
q,1,0.0,0.0,-0.1830238726790451,-0.2864721485411141,-0.48010610079575594,-0.4403183023872679,-0.7506631299734748,-0.4376657824933687,-0.9204244031830239,-0.33156498673740054,-0.38461538461538464,-0.2625994694960212,-0.6949602122015915,-0.15915119363395225,-0.8647214854111406,-0.14323607427055704,-1.0,-0.13793103448275862,-0.36074270557029176,-0.07161803713527852,-0.7241379310344828,-0.07957559681697612,-0.7453580901856764,-0.17771883289124668,-0.6790450928381963,-0.23872679045092837,-0.3421750663129973,0.07427055702917772,-0.6870026525198939,0.010610079575596816,-0.6710875331564987,-0.08222811671087533,-0.5888594164456233,-0.13793103448275862,-0.33687002652519893,0.1856763925729443,-0.6047745358090185,0.11140583554376658,-0.5941644562334217,0.023872679045092837,-0.5384615384615384,-0.023872679045092837
rr,1,0.0,0.0,-0.15789473684210525,-0.125,-0.24342105263157895,-0.32894736842105265,-0.16447368421052633,-0.4605263157894737,-0.03289473684210526,-0.5328947368421053,-0.13815789473684212,-0.5986842105263158,-0.1118421052631579,-0.7894736842105263,-0.09210526315789473,-0.9078947368421053,-0.07894736842105263,-1.0,-0.019736842105263157,-0.5986842105263158,-0.019736842105263157,-0.8355263157894737,-0.07236842105263158,-0.9342105263157895,-0.125,-0.993421052631579,0.09210526315789473,-0.5328947368421053,0.07236842105263158,-0.6907894736842105,0.006578947368421052,-0.5197368421052632,-0.02631578947368421,-0.39473684210526316,0.19736842105263158,-0.4144736842105263,0.11842105263157894,-0.48026315789473684,0.05263157894736842,-0.35526315789473684,0.03289473684210526,-0.2631578947368421
si,1,0.0,0.0,-0.2116564417177914,-0.06441717791411043,-0.3834355828220859,-0.2607361963190184,-0.3496932515337423,-0.4386503067484663,-0.1687116564417178,-0.4754601226993865,-0.3098159509202454,-0.5736196319018405,-0.35276073619631904,-0.7607361963190185,-0.3343558282208589,-0.5920245398773006,-0.3098159509202454,-0.49693251533742333,-0.15337423312883436,-0.5920245398773006,-0.18711656441717792,-0.7822085889570553,-0.19938650306748465,-0.5858895705521472,-0.19938650306748465,-0.4785276073619632,0.003067484662576687,-0.5797546012269938,-0.003067484662576687,-0.7944785276073619,-0.046012269938650305,-0.6226993865030674,-0.06748466257668712,-0.4938650306748466,0.15030674846625766,-0.5460122699386503,0.17484662576687116,-0.7515337423312883,0.17484662576687116,-0.8773006134969326,0.17484662576687116,-1.0
tunombre,1,0.0,0.0,-0.29133858267716534,0.0,-0.6692913385826772,-0.08661417322834646,-0.7637795275590551,-0.05511811023622047,-0.49606299212598426,-0.015748031496062992,-0.36220472440944884,-0.7244094488188977,-0.33070866141732286,-1.0,-0.30708661417322836,-0.9291338582677166,-0.2677165354330709,-0.8031496062992126,-0.007874015748031496,-0.8110236220472441,-0.11811023622047244,-0.23622047244094488,-0.2755905511811024,0.10236220472440945,-0.3464566929133858,0.10236220472440945,0.30708661417322836,-0.6771653543307087,0.18110236220472442,-0.031496062992125984,-0.007874015748031496,0.2283464566929134,-0.10236220472440945,0.2047244094488189,0.5669291338582677,-0.4645669291338583,0.44881889763779526,0.047244094488188976,0.2755905511811024,0.25196850393700787,0.18110236220472442,0.25196850393700787
tunombre,1,0.0,0.0,-0.43846153846153846,-0.038461538461538464,-0.9230769230769231,-0.15384615384615385,-0.9461538461538461,0.13076923076923078,-0.5538461538461539,0.5,-0.6076923076923076,-1.0,-0.7384615384615385,-0.8384615384615385,-0.7846153846153846,-0.6615384615384615,-0.7307692307692307,-0.6076923076923076,-0.015384615384615385,-0.9923076923076923,-0.2923076923076923,-0.06923076923076923,-0.46923076923076923,0.2230769230769231,-0.5076923076923077,0.16923076923076924,0.47692307692307695,-0.7384615384615385,0.12307692307692308,0.18461538461538463,-0.1,0.33076923076923076,-0.17692307692307693,0.2076923076923077,0.8153846153846154,-0.4461538461538462,0.4846153846153846,0.2692307692307692,0.25384615384615383,0.36923076923076925,0.13846153846153847,0.25384615384615383
tunombre,1,0.0,0.0,-0.20761245674740483,-0.07958477508650519,-0.4013840830449827,-0.23875432525951557,-0.4186851211072664,-0.32525951557093424,-0.25259515570934254,-0.3217993079584775,-0.2041522491349481,-0.643598615916955,-0.23529411764705882,-0.7785467128027682,-0.2422145328719723,-0.8858131487889274,-0.22837370242214533,-1.0,0.02768166089965398,-0.671280276816609,-0.08650519031141868,-0.5190311418685121,-0.1695501730103806,-0.3044982698961938,-0.1903114186851211,-0.2422145328719723,0.20761245674740483,-0.5640138408304498,0.05190311418685121,-0.314878892733564,-0.05190311418685121,-0.1695501730103806,-0.06920415224913495,-0.15570934256055363,0.33217993079584773,-0.4013840830449827,0.1695501730103806,-0.21453287197231835,0.058823529411764705,-0.11072664359861592,0.01384083044982699,-0.09688581314878893
tunombre,1,0.0,0.0,-0.34256055363321797,-0.1245674740484429,-0.6505190311418685,-0.2768166089965398,-0.7577854671280276,-0.40484429065743943,-0.5363321799307958,-0.5190311418685121,-0.3460207612456747,-0.9411764705882353,-0.41522491349480967,-1.0,-0.5363321799307958,-0.9584775086505191,-0.6262975778546713,-0.8719723183391004,-0.02768166089965398,-0.9550173010380623,-0.2906574394463668,-0.5155709342560554,-0.4290657439446367,-0.24567474048442905,-0.4359861591695502,-0.18339100346020762,0.2179930795847751,-0.7889273356401384,-0.06920415224913495,-0.31141868512110726,-0.2629757785467128,-0.1453287197231834,-0.3217993079584775,-0.16608996539792387,0.4013840830449827,-0.5605536332179931,0.14878892733564014,-0.21453287197231835,-0.020761245674740483,-0.08996539792387544,-0.09342560553633218,-0.08650519031141868
tunombre,1,0.0,0.0,-0.3543307086614173,-0.0984251968503937,-0.7204724409448819,-0.2440944881889764,-0.8543307086614174,-0.33070866141732286,-0.594488188976378,-0.3858267716535433,-0.4015748031496063,-0.9763779527559056,-0.5,-1.0,-0.6692913385826772,-0.889763779527559,-0.7716535433070866,-0.7244094488188977,-0.04330708661417323,-1.0,-0.29133858267716534,-0.4015748031496063,-0.4645669291338583,-0.15354330708661418,-0.47244094488188976,-0.18503937007874016,0.25196850393700787,-0.8267716535433071,-0.027559055118110236,-0.16929133858267717,-0.2283464566929134,-0.07480314960629922,-0.2795275590551181,-0.16929133858267717,0.452755905511811,-0.5826771653543307,0.1968503937007874,-0.07874015748031496,0.01968503937007874,0.0,-0.03937007874015748,-0.07086614173228346
tunombre,1,0.0,0.0,-0.28431372549019607,-0.0915032679738562,-0.5359477124183006,-0.29411764705882354,-0.4673202614379085,-0.4150326797385621,-0.16339869281045752,-0.4542483660130719,-0.20915032679738563,-0.8464052287581699,-0.22875816993464052,-0.8954248366013072,-0.21568627450980393,-0.9313725490196079,-0.1568627450980392,-1.0,0.11764705882352941,-0.9183006535947712,0.029411764705882353,-0.4803921568627451,-0.1503267973856209,-0.2647058823529412,-0.20915032679738563,-0.27124183006535946,0.3660130718954248,-0.7908496732026143,0.22549019607843138,-0.28431372549019607,-0.0196078431372549,-0.16013071895424835,-0.11764705882352941,-0.23529411764705882,0.5424836601307189,-0.5980392156862745,0.39215686274509803,-0.19934640522875818,0.19281045751633988,-0.0915032679738562,0.09477124183006536,-0.12745098039215685
tunombre,1,0.0,0.0,-0.3037037037037037,-0.09259259259259259,-0.6222222222222222,-0.27037037037037037,-0.725925925925926,-0.37777777777777777,-0.45185185185185184,-0.4222222222222222,-0.24814814814814815,-0.9851851851851852,-0.34074074074074073,-0.9592592592592593,-0.43333333333333335,-0.9666666666666667,-0.5037037037037037,-0.9888888888888889,0.13333333333333333,-1.0,-0.12222222222222222,-0.3851851851851852,-0.3074074074074074,-0.16296296296296298,-0.32592592592592595,-0.24814814814814815,0.4185185185185185,-0.7925925925925926,0.11481481481481481,-0.13333333333333333,-0.10740740740740741,-0.05925925925925926,-0.16296296296296298,-0.22592592592592592,0.6037037037037037,-0.5222222222222223,0.34444444444444444,-0.014814814814814815,0.1925925925925926,0.05555555555555555,0.17407407407407408,-0.06666666666666667
tunombre,1,0.0,0.0,-0.3463035019455253,-0.04669260700389105,-0.5797665369649806,-0.17509727626459143,-0.40077821011673154,-0.058365758754863814,-0.03501945525291829,0.042801556420233464,-0.3151750972762646,-0.9260700389105059,-0.33852140077821014,-0.9027237354085603,-0.28793774319066145,-0.8365758754863813,-0.2140077821011673,-0.8132295719844358,0.07003891050583658,-1.0,0.019455252918287938,-0.3151750972762646,-0.16342412451361868,-0.10894941634241245,-0.245136186770428,-0.20622568093385213,0.3735408560311284,-0.8560311284046692,0.25680933852140075,-0.08949416342412451,0.011673151750972763,-0.007782101167315175,-0.10894941634241245,-0.17120622568093385,0.5914396887159533,-0.6342412451361867,0.4396887159533074,-0.038910505836575876,0.2178988326848249,0.04669260700389105,0.08171206225680934,-0.0622568093385214
tunombre,1,0.0,0.0,-0.39097744360902253,-0.10526315789473684,-0.8120300751879699,-0.2781954887218045,-0.8421052631578947,-0.06766917293233082,-0.5488721804511278,0.23308270676691728,-0.46616541353383456,-0.924812030075188,-0.5263157894736842,-1.0,-0.5864661654135338,-0.8270676691729323,-0.5864661654135338,-0.6917293233082706,0.05263157894736842,-0.9548872180451128,-0.19548872180451127,-0.03007518796992481,-0.44360902255639095,0.24812030075187969,-0.5338345864661654,0.21052631578947367,0.48872180451127817,-0.706766917293233,0.15037593984962405,0.19548872180451127,-0.09774436090225563,0.3007518796992481,-0.17293233082706766,0.15789473684210525,0.7819548872180451,-0.39849624060150374,0.45864661654135336,0.2556390977443609,0.21052631578947367,0.3458646616541353,0.12781954887218044,0.24060150375939848
tunombre,1,0.0,0.0,-0.18705035971223022,-0.09352517985611511,-0.3489208633093525,-0.21942446043165467,-0.35611510791366907,-0.22302158273381295,-0.19424460431654678,-0.15827338129496402,-0.18345323741007194,-0.6079136690647482,-0.16906474820143885,-0.7517985611510791,-0.1474820143884892,-0.8741007194244604,-0.10071942446043165,-1.0,0.0683453237410072,-0.6438848920863309,-0.039568345323741004,-0.3776978417266187,-0.14388489208633093,-0.17985611510791366,-0.16546762589928057,-0.15827338129496402,0.2697841726618705,-0.5251798561151079,0.1223021582733813,-0.19424460431654678,-0.025179856115107913,-0.07913669064748201,-0.07553956834532374,-0.09352517985611511,0.4172661870503597,-0.34532374100719426,0.26258992805755393,-0.08992805755395683,0.1223021582733813,-0.007194244604316547,0.05755395683453238,-0.014388489208633094
tunombre,1,0.0,0.0,-0.24770642201834864,-0.12844036697247707,-0.5091743119266054,-0.22935779816513763,-0.6743119266055045,-0.10091743119266056,-0.6880733944954128,0.05045871559633028,-0.37155963302752293,-0.6651376146788991,-0.6192660550458715,-0.7110091743119266,-0.8211009174311926,-0.7798165137614679,-1.0,-0.8348623853211009,-0.10091743119266056,-0.6422018348623854,-0.5137614678899083,-0.15137614678899083,-0.5275229357798165,0.013761467889908258,-0.45871559633027525,0.03211009174311927,0.11467889908256881,-0.44036697247706424,-0.30275229357798167,0.05963302752293578,-0.24311926605504589,0.06880733944954129,-0.12385321100917432,-0.04128440366972477,0.26146788990825687,-0.20642201834862386,-0.0779816513761468,0.15137614678899083,-0.05045871559633028,0.1559633027522936,0.06422018348623854,0.045871559633027525
tunombre,2,0.0,0.0,-0.1258741258741259,-0.2097902097902098,-0.3916083916083916,-0.26573426573426573,-0.6013986013986014,-0.17482517482517482,-0.7412587412587412,-0.07692307692307693,-0.3146853146853147,-0.2727272727272727,-0.6783216783216783,-0.2097902097902098,-0.8531468531468531,-0.16783216783216784,-0.986013986013986,-0.13286713286713286,-0.26573426573426573,-0.08391608391608392,-0.6713286713286714,-0.06293706293706294,-0.8671328671328671,-0.055944055944055944,-1.0,-0.03496503496503497,-0.23776223776223776,0.09090909090909091,-0.6223776223776224,0.11188811188811189,-0.5524475524475524,0.055944055944055944,-0.4405594405594406,0.02097902097902098,-0.22377622377622378,0.23076923076923078,-0.5104895104895105,0.22377622377622378,-0.46853146853146854,0.16083916083916083,-0.3706293706293706,0.1258741258741259
x,1,0.0,0.0,-0.07109004739336493,-0.4928909952606635,-0.4028436018957346,-0.7677725118483413,-0.8009478672985783,-0.7914691943127962,-0.976303317535545,-0.5781990521327014,-0.2890995260663507,-0.36018957345971564,-0.6303317535545023,-0.3744075829383886,-0.8388625592417062,-0.41232227488151657,-1.0,-0.4075829383886256,-0.38388625592417064,-0.11374407582938388,-0.8009478672985783,-0.32701421800947866,-0.7440758293838863,-0.4834123222748815,-0.6161137440758294,-0.5023696682464455,-0.46445497630331756,0.04739336492890995,-0.8293838862559242,-0.2037914691943128,-0.7251184834123223,-0.3412322274881517,-0.5924170616113744,-0.3412322274881517,-0.5213270142180095,0.16113744075829384,-0.7725118483412322,-0.07109004739336493,-0.7014218009478673,-0.1943127962085308,-0.5924170616113744,-0.18009478672985782
z,1,0.0,0.0,-0.336283185840708,-0.05309734513274336,-0.6283185840707964,-0.18584070796460178,-0.8053097345132744,-0.24778761061946902,-0.7610619469026548,-0.3008849557522124,-0.5132743362831859,-0.8230088495575221,-0.5575221238938053,-1.0,-0.6637168141592921,-0.9911504424778761,-0.7610619469026548,-0.911504424778761,-0.18584070796460178,-0.8938053097345132,-0.3893805309734513,-0.4424778761061947,-0.45132743362831856,-0.23893805309734514,-0.4424778761061947,-0.20353982300884957,0.09734513274336283,-0.7522123893805309,-0.1415929203539823,-0.22123893805309736,-0.21238938053097345,-0.11504424778761062,-0.21238938053097345,-0.168141592920354,0.30973451327433627,-0.5309734513274337,0.08849557522123894,-0.12389380530973451,0.02654867256637168,-0.05309734513274336,0.02654867256637168,-0.11504424778761062
z,1,0.0,0.0,-0.4591194968553459,-0.14465408805031446,-0.8553459119496856,-0.3018867924528302,-0.8679245283018868,-0.16352201257861634,-0.5408805031446541,0.0440251572327044,-0.5534591194968553,-0.9874213836477987,-0.7232704402515723,-0.7987421383647799,-0.710691823899371,-0.6477987421383647,-0.6540880503144654,-0.6666666666666666,-0.11949685534591195,-1.0,-0.3270440251572327,-0.20125786163522014,-0.389937106918239,-0.031446540880503145,-0.4025157232704403,-0.22641509433962265,0.2578616352201258,-0.7861635220125787,0.0,-0.050314465408805034,-0.14465408805031446,0.031446540880503145,-0.1761006289308176,-0.13836477987421383,0.5283018867924528,-0.5283018867924528,0.2893081761006289,0.006289308176100629,0.11949685534591195,0.06289308176100629,0.07547169811320754,-0.050314465408805034
z,1,0.0,0.0,-0.21254355400696864,-0.07665505226480836,-0.41114982578397213,-0.22996515679442509,-0.4355400696864111,-0.3170731707317073,-0.26480836236933797,-0.3205574912891986,-0.21254355400696864,-0.6376306620209059,-0.23693379790940766,-0.7770034843205574,-0.24390243902439024,-0.8850174216027874,-0.22996515679442509,-1.0,0.020905923344947737,-0.662020905923345,-0.09059233449477352,-0.5121951219512195,-0.17421602787456447,-0.2857142857142857,-0.1916376306620209,-0.2229965156794425,0.20209059233449478,-0.554006968641115,0.04878048780487805,-0.30313588850174217,-0.05574912891986063,-0.156794425087108,-0.07317073170731707,-0.14634146341463414,0.3310104529616725,-0.3902439024390244,0.17073170731707318,-0.20209059233449478,0.05574912891986063,-0.10452961672473868,0.013937282229965157,-0.09407665505226481
z,1,0.0,0.0,0.03773584905660377,-0.3018867924528302,-0.1509433962264151,-0.5377358490566038,-0.39622641509433965,-0.6037735849056604,-0.5754716981132075,-0.6132075471698113,-0.1792452830188679,-0.5188679245283019,-0.49056603773584906,-0.7547169811320755,-0.6698113207547169,-0.8679245283018868,-0.8207547169811321,-0.9528301886792453,-0.32075471698113206,-0.33962264150943394,-0.660377358490566,-0.6226415094339622,-0.8490566037735849,-0.7830188679245284,-1.0,-0.8867924528301887,-0.44339622641509435,-0.16981132075471697,-0.7358490566037735,-0.4339622641509434,-0.6415094339622641,-0.46226415094339623,-0.5188679245283019,-0.4056603773584906,-0.5283018867924528,-0.02830188679245283,-0.7358490566037735,-0.2641509433962264,-0.6509433962264151,-0.29245283018867924,-0.5471698113207547,-0.24528301886792453
z,1,0.0,0.0,-0.29133858267716534,0.0,-0.6692913385826772,-0.08661417322834646,-0.7637795275590551,-0.05511811023622047,-0.49606299212598426,-0.015748031496062992,-0.36220472440944884,-0.7244094488188977,-0.33070866141732286,-1.0,-0.30708661417322836,-0.9291338582677166,-0.2677165354330709,-0.8031496062992126,-0.007874015748031496,-0.8110236220472441,-0.11811023622047244,-0.23622047244094488,-0.2755905511811024,0.10236220472440945,-0.3464566929133858,0.10236220472440945,0.30708661417322836,-0.6771653543307087,0.18110236220472442,-0.031496062992125984,-0.007874015748031496,0.2283464566929134,-0.10236220472440945,0.2047244094488189,0.5669291338582677,-0.4645669291338583,0.44881889763779526,0.047244094488188976,0.2755905511811024,0.25196850393700787,0.18110236220472442,0.25196850393700787
z,1,0.0,0.0,-0.47181008902077154,-0.228486646884273,-0.8130563798219584,-0.3590504451038576,-0.9970326409495549,-0.4629080118694362,-0.7893175074183977,-0.5578635014836796,-0.56973293768546,-1.0,-0.712166172106825,-0.9525222551928784,-0.8160237388724035,-0.8813056379821959,-0.8694362017804155,-0.8071216617210683,-0.3293768545994065,-0.9821958456973294,-0.5578635014836796,-0.5727002967359051,-0.658753709198813,-0.42433234421364985,-0.6973293768545994,-0.40059347181008903,-0.13056379821958458,-0.8367952522255193,-0.3857566765578635,-0.4035608308605341,-0.4836795252225519,-0.34421364985163205,-0.5192878338278932,-0.3857566765578635,0.017804154302670624,-0.6320474777448071,-0.22551928783382788,-0.2997032640949555,-0.2997032640949555,-0.23738872403560832,-0.3264094955489614,-0.24925816023738873
z,1,0.0,0.0,-0.37583892617449666,-0.17114093959731544,-0.6845637583892618,-0.33221476510067116,-0.8053691275167785,-0.46308724832214765,-0.5738255033557047,-0.5469798657718121,-0.38926174496644295,-0.9765100671140939,-0.4899328859060403,-0.9832214765100671,-0.5973154362416108,-0.9832214765100671,-0.6845637583892618,-0.9697986577181208,-0.10067114093959731,-1.0,-0.3523489932885906,-0.5302013422818792,-0.4429530201342282,-0.2986577181208054,-0.4429530201342282,-0.25838926174496646,0.12751677852348994,-0.8456375838926175,-0.15436241610738255,-0.3422818791946309,-0.28859060402684567,-0.21140939597315436,-0.3288590604026846,-0.2516778523489933,0.3053691275167785,-0.62751677852349,0.053691275167785234,-0.2483221476510067,-0.06711409395973154,-0.15100671140939598,-0.10738255033557047,-0.16778523489932887
z,1,0.0,0.0,-0.29591836734693877,-0.10884353741496598,-0.5680272108843537,-0.30612244897959184,-0.5068027210884354,-0.4217687074829932,-0.1836734693877551,-0.46598639455782315,-0.22448979591836735,-0.9217687074829932,-0.24829931972789115,-0.935374149659864,-0.23129251700680273,-0.9421768707482994,-0.17687074829931973,-1.0,0.12585034013605442,-0.9727891156462585,0.027210884353741496,-0.4931972789115646,-0.17006802721088435,-0.2585034013605442,-0.24149659863945577,-0.30612244897959184,0.3877551020408163,-0.826530612244898,0.23469387755102042,-0.282312925170068,-0.027210884353741496,-0.14965986394557823,-0.1360544217687075,-0.24489795918367346,0.564625850340136,-0.608843537414966,0.41156462585034015,-0.1836734693877551,0.20748299319727892,-0.08503401360544217,0.11564625850340136,-0.1326530612244898
z,1,0.0,0.0,-0.31086142322097376,-0.09363295880149813,-0.6404494382022472,-0.26591760299625467,-0.7453183520599251,-0.3707865168539326,-0.4681647940074906,-0.4157303370786517,-0.26217228464419473,-0.9887640449438202,-0.36329588014981273,-0.9662921348314607,-0.45692883895131087,-0.9700374531835206,-0.5243445692883895,-0.9775280898876404,0.1198501872659176,-1.0,-0.13857677902621723,-0.38202247191011235,-0.3333333333333333,-0.16104868913857678,-0.3595505617977528,-0.24719101123595505,0.40823970037453183,-0.7902621722846442,0.09737827715355805,-0.1198501872659176,-0.14232209737827714,-0.052434456928838954,-0.20599250936329588,-0.21722846441947566,0.5917602996254682,-0.5131086142322098,0.3333333333333333,0.0,0.17228464419475656,0.06741573033707865,0.14606741573033707,-0.056179775280898875
z,1,0.0,0.0,-0.34375,-0.046875,-0.57421875,-0.17578125,-0.390625,-0.0546875,-0.01953125,0.046875,-0.3046875,-0.921875,-0.3359375,-0.9140625,-0.2890625,-0.8515625,-0.21875,-0.8203125,0.0859375,-1.0,0.0234375,-0.30078125,-0.16015625,-0.09375,-0.2421875,-0.1953125,0.38671875,-0.8515625,0.2578125,-0.0703125,0.0078125,0.00390625,-0.11328125,-0.16015625,0.60546875,-0.625,0.4453125,-0.01953125,0.21484375,0.06640625,0.07421875,-0.0390625
z,1,0.0,0.0,-0.39097744360902253,-0.10526315789473684,-0.8120300751879699,-0.2781954887218045,-0.8421052631578947,-0.06766917293233082,-0.5488721804511278,0.23308270676691728,-0.46616541353383456,-0.924812030075188,-0.5263157894736842,-1.0,-0.5864661654135338,-0.8270676691729323,-0.5864661654135338,-0.6917293233082706,0.05263157894736842,-0.9548872180451128,-0.19548872180451127,-0.03007518796992481,-0.44360902255639095,0.24812030075187969,-0.5338345864661654,0.21052631578947367,0.48872180451127817,-0.706766917293233,0.15037593984962405,0.19548872180451127,-0.09774436090225563,0.3007518796992481,-0.17293233082706766,0.15789473684210525,0.7819548872180451,-0.39849624060150374,0.45864661654135336,0.2556390977443609,0.21052631578947367,0.3458646616541353,0.12781954887218044,0.24060150375939848
z,1,0.0,0.0,-0.18705035971223022,-0.09352517985611511,-0.3489208633093525,-0.21942446043165467,-0.35611510791366907,-0.22302158273381295,-0.19424460431654678,-0.15827338129496402,-0.18345323741007194,-0.6079136690647482,-0.16906474820143885,-0.7517985611510791,-0.1474820143884892,-0.8741007194244604,-0.10071942446043165,-1.0,0.0683453237410072,-0.6438848920863309,-0.039568345323741004,-0.3776978417266187,-0.14388489208633093,-0.17985611510791366,-0.16546762589928057,-0.15827338129496402,0.2697841726618705,-0.5251798561151079,0.1223021582733813,-0.19424460431654678,-0.025179856115107913,-0.07913669064748201,-0.07553956834532374,-0.09352517985611511,0.4172661870503597,-0.34532374100719426,0.26258992805755393,-0.08992805755395683,0.1223021582733813,-0.007194244604316547,0.05755395683453238,-0.014388489208633094
